timestamps,DiagIf_ctIumprDenom,DiagIf_tiIumprEngOnCum,DiagIf_tiIumprIdl,DiagIf_tiIumprVehSpdCum,Eng_ctMisfAdpPlausAbs,Eng_ctMisfAdpPlausNvm,Eng_ctMisfAdpPlausRel,Eng_ctMisfEmiIntl,Eng_ctMisfTiAdpRst,Exh_facOxiCat1Bnk1,Veh_pEnvLstDcy,Veh_tiEngOffEngSpdCyc,Air_bCAir_bChkCycCmpl_pEnvhk,Veh_bDiagEcuOffFin
0.0,5,0.0,0.0,0.0,0,0,0,0,0,0.0,957.4609375,271,b'FALSE',b'TRUE'
1.0015202591894194,5,0.0,0.0,0.0,0,0,0,0,0,0.0,957.8515625,272,b'TRUE',b'TRUE'
2.0015973742847564,5,0.0,0.0,0.0,0,0,0,0,0,0.0,957.65625,272,b'TRUE',b'TRUE'
3.0013695277739316,5,0.0,0.0,0.0,0,0,0,0,0,0.0,957.8515625,272,b'TRUE',b'TRUE'
4.002842160873115,5,0.5,0.0,0.0,0,0,0,0,0,0.0,957.65625,272,b'TRUE',b'TRUE'
5.001288911647862,5,1.5,0.0,0.0,0,0,0,0,0,0.0,957.65625,272,b'TRUE',b'TRUE'
6.00166854384588,5,2.5,0.0,0.0,0,0,0,0,0,0.0,957.8515625,272,b'TRUE',b'TRUE'
7.001237604505149,5,3.5,0.0,0.0,0,0,0,0,0,0.0,957.8515625,272,b'TRUE',b'TRUE'
8.00200401856273,5,4.5,0.0,0.0,0,0,0,0,0,0.0,957.8515625,272,b'TRUE',b'TRUE'
9.001172481453978,5,5.5,0.0,0.0,0,0,0,0,0,0.0,957.65625,272,b'TRUE',b'TRUE'
10.001399129687343,5,6.5,0.0,0.0,0,0,0,0,0,0.0,957.65625,272,b'TRUE',b'TRUE'
11.001787314657122,5,7.5,0.0,0.0,0,0,0,0,0,0.0,957.65625,272,b'TRUE',b'TRUE'
12.000956517687882,5,8.5,0.0,0.0,0,0,0,0,0,0.0,957.65625,272,b'TRUE',b'TRUE'
13.001012222084682,5,9.5,0.0,0.0,0,0,0,0,0,0.0,957.65625,272,b'TRUE',b'TRUE'
14.000856300699525,5,10.5,0.0,0.0,0,0,0,0,0,0.0,957.65625,272,b'TRUE',b'TRUE'
15.000850378288305,5,11.5,0.1,0.0,0,0,0,0,0,0.0,957.8515625,272,b'TRUE',b'TRUE'
16.00171762476384,5,12.5,0.0,0.0,0,0,0,0,0,0.0,957.65625,272,b'TRUE',b'TRUE'
17.001101503017708,5,13.5,0.0,0.0,0,0,0,0,0,0.0,957.65625,272,b'TRUE',b'TRUE'
18.000791380298324,5,14.5,0.0,0.0,0,0,0,0,0,0.0,957.65625,272,b'TRUE',b'TRUE'
19.001088284596335,5,15.5,0.0,0.0,0,0,0,0,0,0.0,957.65625,272,b'TRUE',b'TRUE'
20.0009920426819,5,16.5,0.0,0.0,0,0,0,0,0,0.0,957.65625,272,b'TRUE',b'TRUE'
21.000687801046297,5,17.5,0.0,0.0,0,0,0,0,0,0.0,957.8515625,272,b'TRUE',b'TRUE'
22.00068520831701,5,18.5,0.0,0.0,0,0,0,0,0,0.0,957.65625,272,b'TRUE',b'TRUE'
23.000579172134167,5,19.5,0.0,0.0,0,0,0,0,0,0.0,957.65625,272,b'TRUE',b'TRUE'
24.000565135924262,5,20.5,0.0,0.0,0,0,0,0,0,0.0,957.8515625,272,b'TRUE',b'TRUE'
25.00120921274356,5,21.5,0.0,0.0,0,0,0,0,0,0.0,957.65625,272,b'TRUE',b'TRUE'
26.00048838998191,5,22.5,0.0,0.0,0,0,0,0,0,0.0,957.65625,272,b'TRUE',b'TRUE'
27.000477567344205,5,23.5,0.0,0.0,0,0,0,0,0,0.0,957.65625,272,b'TRUE',b'TRUE'
28.00110500502342,5,24.5,0.0,0.0,0,0,0,0,0,0.0,957.65625,272,b'TRUE',b'TRUE'
29.000747696627514,5,25.5,0.0,0.0,0,0,0,0,0,0.0,957.8515625,272,b'TRUE',b'TRUE'
30.000367388216542,5,26.5,0.0,0.0,0,0,0,0,0,0.0,957.65625,272,b'TRUE',b'TRUE'
31.000331094706777,5,27.5,0.0,0.0,0,0,0,0,0,0.0,957.65625,272,b'TRUE',b'TRUE'
32.00065281651041,5,28.5,0.0,0.0,0,0,0,0,0,0.0,957.8515625,272,b'TRUE',b'TRUE'
33.0007985381817,5,29.5,0.0,0.0,0,0,0,0,0,0.0,957.8515625,272,b'TRUE',b'TRUE'
34.00036223848292,5,30.5,0.0,0.0,0,0,0,0,0,0.0,957.65625,272,b'TRUE',b'TRUE'
35.00031191619928,5,31.5,0.0,0.0,0,0,0,0,0,0.0,957.65625,272,b'TRUE',b'TRUE'
36.000514594081324,5,32.5,0.0,0.0,0,0,0,0,0,0.0,957.65625,272,b'TRUE',b'TRUE'
37.00046924462367,5,33.5,0.0,0.0,0,0,0,0,0,0.0,957.65625,272,b'TRUE',b'TRUE'
38.00184086414811,5,34.5,0.0,0.0,0,0,0,0,0,0.0,957.65625,272,b'TRUE',b'TRUE'
39.000386481915484,5,35.5,0.0,0.0,0,0,0,0,0,0.0,957.65625,272,b'TRUE',b'TRUE'
40.00014316570014,5,36.5,0.0,0.0,0,0,0,0,0,0.0,957.65625,272,b'TRUE',b'TRUE'
41.00035893541644,5,37.5,0.0,0.0,0,0,0,0,0,0.0,957.65625,272,b'TRUE',b'TRUE'
42.00031470491376,5,38.5,0.0,0.0,0,0,0,0,0,0.0,957.65625,272,b'TRUE',b'TRUE'
43.00000651049777,5,39.5,0.0,0.0,0,0,0,0,0,0.0,957.65625,272,b'TRUE',b'TRUE'
44.00025636833743,5,40.5,0.0,0.0,0,0,0,0,0,0.0,957.65625,272,b'TRUE',b'TRUE'
45.00027022596623,5,41.5,0.0,0.0,0,0,0,0,0,0.0,957.65625,272,b'TRUE',b'TRUE'
46.000565070455195,5,42.5,0.0,0.0,0,0,0,0,0,0.0,957.65625,272,b'TRUE',b'TRUE'
47.00019889585383,5,43.5,0.0,0.0,0,0,0,0,0,0.0,957.65625,272,b'TRUE',b'TRUE'
48.00034372166556,5,44.5,0.0,0.0,0,0,0,0,0,0.0,957.65625,272,b'TRUE',b'TRUE'
49.00014637829736,5,45.5,0.0,0.0,0,0,0,0,0,0.0,957.65625,272,b'TRUE',b'TRUE'
50.00018654546875,5,46.5,0.0,0.0,0,0,0,0,0,0.0,957.65625,272,b'TRUE',b'TRUE'
50.999852709588595,5,47.5,0.0,0.0,0,0,0,0,0,0.0,957.65625,272,b'TRUE',b'TRUE'
52.00019141974917,5,48.5,0.0,0.0,0,0,0,0,0,0.0,957.65625,272,b'TRUE',b'TRUE'
53.00008788907144,5,49.5,0.0,0.0,0,0,0,0,0,0.0,957.4609375,272,b'TRUE',b'TRUE'
54.001033363092574,5,50.5,0.0,0.0,0,0,0,0,0,0.0,957.4609375,272,b'TRUE',b'TRUE'
55.00044217254617,5,51.5,0.0,0.7000000000000001,0,0,0,0,0,0.0,957.4609375,272,b'TRUE',b'TRUE'
55.999968860676745,5,52.5,0.0,1.7000000000000002,0,0,0,0,0,0.0,957.4609375,272,b'TRUE',b'TRUE'
57.00000655016629,5,53.5,0.0,2.7,0,0,0,0,0,0.0,957.65625,272,b'TRUE',b'TRUE'
57.9995869291306,5,54.5,0.0,3.7,0,0,0,0,0,0.0,957.65625,272,b'TRUE',b'TRUE'
58.999543755242485,5,55.5,0.0,4.7,0,0,0,0,0,0.0,957.8515625,272,b'TRUE',b'TRUE'
59.99955658146064,5,56.5,0.0,4.9,0,0,0,0,0,0.0,957.8515625,272,b'TRUE',b'TRUE'
60.999456233053934,5,57.5,0.0,4.9,0,0,0,0,0,0.0,957.8515625,272,b'TRUE',b'TRUE'
61.99950255107251,5,58.5,0.0,4.9,0,0,0,0,0,0.0,957.8515625,272,b'TRUE',b'TRUE'
62.999409868891235,5,59.5,0.0,4.9,0,0,0,0,0,0.0,957.8515625,272,b'TRUE',b'TRUE'
63.999409988420666,5,60.5,0.0,4.9,0,0,0,0,0,0.0,957.8515625,272,b'TRUE',b'TRUE'
64.99946981598623,5,61.5,0.0,4.9,0,0,0,0,0,0.0,957.8515625,272,b'TRUE',b'TRUE'
65.9997836460534,5,62.5,0.0,4.9,0,0,0,0,0,0.0,958.046875,272,b'TRUE',b'TRUE'
66.99942773918156,5,63.5,0.0,5.1000000000000005,0,0,0,0,0,0.0,958.2421875,272,b'TRUE',b'TRUE'
68.00076929663192,5,64.5,0.0,6.1000000000000005,0,0,0,0,0,0.0,958.4375,272,b'TRUE',b'TRUE'
69.00078983618005,5,65.5,0.0,7.1000000000000005,0,0,0,0,0,0.0,958.6328125,272,b'TRUE',b'TRUE'
69.99931172783545,5,66.5,0.0,8.1,0,0,0,0,0,0.0,958.6328125,272,b'TRUE',b'TRUE'
70.99938249388651,5,67.5,0.0,9.1,0,0,0,0,0,0.0,958.6328125,272,b'TRUE',b'TRUE'
71.99937325804785,5,68.5,0.0,10.100000000000001,0,0,0,0,0,0.0,958.6328125,272,b'TRUE',b'TRUE'
72.99969035173126,5,69.5,0.0,11.100000000000001,0,0,0,0,0,0.0,958.6328125,272,b'TRUE',b'TRUE'
74.00100881965773,5,70.5,0.0,12.100000000000001,0,0,0,0,0,0.0,958.828125,272,b'TRUE',b'TRUE'
74.99961725383764,5,71.5,0.0,13.100000000000001,0,0,0,0,0,0.0,959.0234375,272,b'TRUE',b'TRUE'
75.99969087608042,5,72.5,0.0,14.100000000000001,0,0,0,0,0,0.0,959.21875,272,b'TRUE',b'TRUE'
77.00001760481973,5,73.5,0.0,15.100000000000001,0,0,0,0,0,0.0,959.21875,272,b'TRUE',b'TRUE'
77.99996933102375,5,74.5,0.0,16.1,0,0,0,0,0,0.0,959.21875,272,b'TRUE',b'TRUE'
79.0008621878078,5,75.5,0.0,17.1,0,0,0,0,0,0.0,959.21875,272,b'TRUE',b'TRUE'
80.00013214154751,5,76.5,0.0,18.1,0,0,0,0,0,0.0,959.4140625,272,b'TRUE',b'TRUE'
80.99949509564613,5,77.5,0.0,19.1,0,0,0,0,0,0.0,959.4140625,272,b'TRUE',b'TRUE'
81.99949459916388,5,78.5,0.0,20.1,0,0,0,0,0,0.0,959.4140625,272,b'TRUE',b'TRUE'
82.99916810383729,5,79.5,0.0,21.1,0,0,0,0,0,0.0,959.609375,272,b'TRUE',b'TRUE'
83.99956061033299,5,80.5,0.0,22.1,0,0,0,0,0,0.0,959.765625,272,b'TRUE',b'TRUE'
84.9993559056602,5,81.5,0.0,23.1,0,0,0,0,0,0.0,959.765625,272,b'TRUE',b'TRUE'
85.99932868992619,5,82.5,0.0,24.1,0,0,0,0,0,0.0,960.15625,272,b'TRUE',b'TRUE'
86.99981847511663,5,83.5,0.0,25.1,0,0,0,0,0,0.0,960.15625,272,b'TRUE',b'TRUE'
87.99931817421748,5,84.5,0.0,26.1,0,0,0,0,0,0.0,960.15625,272,b'TRUE',b'TRUE'
88.998993678033,5,85.5,0.0,27.1,0,0,0,0,0,0.0,960.15625,272,b'TRUE',b'TRUE'
89.99894618225517,5,86.5,0.0,28.1,0,0,0,0,0,0.0,960.3515625,272,b'TRUE',b'TRUE'
90.99887665371352,5,87.5,0.0,29.1,0,0,0,0,0,0.0,960.3515625,272,b'TRUE',b'TRUE'
91.99920004303567,5,88.5,0.0,30.1,0,0,0,0,0,0.0,960.3515625,272,b'TRUE',b'TRUE'
92.99883043138834,5,89.5,0.0,31.1,0,0,0,0,0,0.0,960.546875,272,b'TRUE',b'TRUE'
93.9988427595672,5,90.5,0.0,32.1,0,0,0,0,0,0.0,960.7421875,272,b'TRUE',b'TRUE'
94.99886492599035,5,91.5,0.0,33.1,0,0,0,0,0,0.0,960.9375,272,b'TRUE',b'TRUE'
95.99983909352159,5,92.5,0.0,34.1,0,0,0,0,0,0.0,960.9375,272,b'TRUE',b'TRUE'
96.99872750972281,5,93.5,0.0,35.1,0,0,0,0,0,0.0,960.9375,272,b'TRUE',b'TRUE'
97.99879241183226,5,94.5,0.0,36.1,0,0,0,0,0,0.0,960.9375,272,b'TRUE',b'TRUE'
98.99915231774503,5,95.5,0.0,37.1,0,0,0,0,0,0.0,961.328125,272,b'TRUE',b'TRUE'
99.99934166658204,5,96.5,0.0,38.1,0,0,0,1,0,0.0,961.328125,272,b'TRUE',b'TRUE'
100.9993928175827,5,97.5,0.0,39.1,0,0,0,1,0,0.0,961.328125,272,b'TRUE',b'TRUE'
101.99915496649919,5,98.5,0.0,40.1,0,0,0,1,0,0.0,961.5234375,272,b'TRUE',b'TRUE'
102.99931344641664,5,99.5,0.0,41.1,0,0,0,1,0,0.0,961.71875,272,b'TRUE',b'TRUE'
103.99898175128328,5,100.5,0.0,42.1,0,0,0,1,0,0.0,961.71875,272,b'TRUE',b'TRUE'
104.99911706188868,5,101.5,0.0,43.1,0,0,0,1,0,0.0,961.71875,272,b'TRUE',b'TRUE'
105.99884794498212,5,102.5,0.0,44.1,0,0,0,1,0,0.0,961.71875,272,b'TRUE',b'TRUE'
106.99890165451507,5,103.5,0.0,45.1,0,0,0,1,0,0.0,961.9140625,272,b'TRUE',b'TRUE'
107.99888036353514,5,104.5,0.0,46.1,0,0,0,1,0,0.0,961.71875,272,b'TRUE',b'TRUE'
108.99887749204936,5,105.5,0.0,47.1,0,0,0,1,0,0.0,961.71875,272,b'TRUE',b'TRUE'
109.99852862524858,5,106.5,0.0,48.1,0,0,0,1,0,0.0,961.71875,272,b'TRUE',b'TRUE'
110.9988567612454,5,107.5,0.0,49.1,0,0,0,1,0,0.0,961.71875,272,b'TRUE',b'TRUE'
111.99849473570066,5,108.5,0.0,50.1,0,0,0,1,0,0.0,961.71875,272,b'TRUE',b'TRUE'
112.99878916460148,5,109.5,0.0,51.1,0,0,0,1,0,0.0,961.328125,272,b'TRUE',b'TRUE'
113.99882658671413,5,110.5,0.0,52.1,0,0,0,1,0,0.0,961.1328125,272,b'TRUE',b'TRUE'
114.998742515294,5,111.5,0.0,53.1,0,0,0,1,0,0.0,960.9375,272,b'TRUE',b'TRUE'
115.99872830211825,5,112.5,0.0,54.1,0,0,0,1,0,0.0,960.9375,272,b'TRUE',b'TRUE'
116.99880409018078,5,113.5,0.0,55.1,0,0,0,1,0,0.0,960.7421875,272,b'TRUE',b'TRUE'
117.99878470283875,5,114.5,0.0,56.1,0,0,0,1,0,0.0,960.3515625,272,b'TRUE',b'TRUE'
118.99876852697344,5,115.5,0.0,57.1,0,0,0,1,0,0.0,960.3515625,272,b'TRUE',b'TRUE'
119.9986853505834,5,116.5,0.0,58.1,0,0,0,1,0,0.0,960.15625,272,b'TRUE',b'TRUE'
120.99870258220471,5,117.5,0.0,59.1,0,0,0,1,0,0.0,960.15625,272,b'TRUE',b'TRUE'
121.9986932623433,5,118.5,0.0,60.1,0,0,0,1,0,0.0,959.9609375,272,b'TRUE',b'TRUE'
122.99863894227019,5,119.5,0.0,61.1,0,0,0,1,0,0.0,959.9609375,272,b'TRUE',b'TRUE'
123.9990463534341,5,120.5,0.0,62.1,0,0,0,2,0,0.0,959.9609375,272,b'TRUE',b'TRUE'
124.99856049413211,5,121.5,0.0,63.1,0,0,0,2,0,0.0,959.9609375,272,b'TRUE',b'TRUE'
125.99860263647862,5,122.5,0.0,64.10000000000001,0,0,0,2,0,0.0,959.9609375,272,b'TRUE',b'TRUE'
126.99827564395675,5,123.5,0.0,65.10000000000001,0,0,0,2,0,0.0,959.9609375,272,b'TRUE',b'TRUE'
127.99856703284605,5,124.5,0.0,66.10000000000001,0,0,0,2,0,0.0,960.15625,272,b'TRUE',b'TRUE'
128.99851642092108,5,125.5,0.0,67.10000000000001,0,0,0,2,0,0.0,960.15625,272,b'TRUE',b'TRUE'
129.99902176427713,5,126.5,0.0,68.10000000000001,0,0,0,2,0,0.0,960.15625,272,b'TRUE',b'TRUE'
130.9989588332537,5,127.5,0.0,69.10000000000001,0,0,0,2,0,0.0,960.3515625,272,b'TRUE',b'TRUE'
131.99937090321328,5,128.5,0.0,70.10000000000001,0,0,0,2,0,0.0,960.3515625,272,b'TRUE',b'TRUE'
132.9983769354876,5,129.5,0.0,71.10000000000001,0,0,0,2,0,0.0,960.7421875,272,b'TRUE',b'TRUE'
133.99836577099632,5,130.5,0.0,72.10000000000001,0,0,0,2,0,0.0,960.7421875,272,b'TRUE',b'TRUE'
134.9982626063429,5,131.5,0.0,73.10000000000001,0,0,0,2,0,0.0,960.9375,272,b'TRUE',b'TRUE'
135.997996432503,5,132.5,0.0,74.10000000000001,0,0,0,2,0,0.0,960.9375,272,b'TRUE',b'TRUE'
136.99866620074317,5,133.5,0.0,75.10000000000001,0,0,0,2,0,0.0,961.1328125,272,b'TRUE',b'TRUE'
137.99853196756158,5,134.5,0.0,76.10000000000001,0,0,0,2,0,0.0,961.1328125,272,b'TRUE',b'TRUE'
138.99878072313732,5,135.5,0.0,77.10000000000001,0,0,0,2,0,0.0,961.1328125,272,b'TRUE',b'TRUE'
139.99869639638928,5,136.5,0.0,78.10000000000001,0,0,0,2,0,0.0,960.9375,272,b'TRUE',b'TRUE'
140.99815906886943,5,137.5,0.0,79.10000000000001,0,0,0,2,0,0.0,960.9375,272,b'TRUE',b'TRUE'
141.99813272396568,5,138.5,0.0,80.10000000000001,0,0,0,2,0,0.0,960.9375,272,b'TRUE',b'TRUE'
142.99878722745052,5,139.5,0.0,81.10000000000001,0,0,0,2,0,0.0,960.9375,272,b'TRUE',b'TRUE'
143.99818472901825,5,140.5,0.0,82.10000000000001,0,0,0,3,0,0.0,960.9375,272,b'TRUE',b'TRUE'
144.99800527017214,5,141.5,0.0,83.10000000000001,0,0,0,3,0,0.0,960.9375,272,b'TRUE',b'TRUE'
145.99814713424712,5,142.5,0.0,84.10000000000001,0,0,0,3,0,0.0,960.7421875,272,b'TRUE',b'TRUE'
146.99817499812343,5,143.5,0.0,85.10000000000001,0,0,0,3,0,0.0,960.7421875,272,b'TRUE',b'TRUE'
147.99845283701143,5,144.5,0.0,86.10000000000001,0,0,0,3,0,0.0,960.7421875,272,b'TRUE',b'TRUE'
148.99915842061455,5,145.5,0.0,87.10000000000001,0,0,0,3,0,0.0,960.7421875,272,b'TRUE',b'TRUE'
149.99813800149423,5,146.5,0.0,88.10000000000001,0,0,0,3,0,0.0,960.7421875,272,b'TRUE',b'TRUE'
150.9979375867406,5,147.5,0.0,89.10000000000001,0,0,0,3,0,0.0,960.3515625,272,b'TRUE',b'TRUE'
151.99750820593908,5,148.5,0.0,90.10000000000001,0,0,0,3,0,0.0,960.3515625,272,b'TRUE',b'TRUE'
152.99750182582648,5,149.5,0.0,91.10000000000001,0,0,0,3,0,0.0,960.546875,272,b'TRUE',b'TRUE'
153.99786344947643,5,150.5,0.0,92.10000000000001,0,0,0,3,0,0.0,960.546875,272,b'TRUE',b'TRUE'
154.99773511182866,5,151.5,0.0,93.10000000000001,0,0,0,3,0,0.0,960.9375,272,b'TRUE',b'TRUE'
155.9978087745112,5,152.5,0.0,94.10000000000001,0,0,0,3,0,0.0,960.7421875,272,b'TRUE',b'TRUE'
156.99777743518644,5,153.5,0.0,95.10000000000001,0,0,0,3,0,0.0,960.7421875,272,b'TRUE',b'TRUE'
157.99823506639223,5,154.5,0.0,96.10000000000001,0,0,0,3,0,0.0,960.7421875,272,b'TRUE',b'TRUE'
158.99777769611683,5,155.5,0.0,97.10000000000001,0,0,0,3,0,0.0,960.546875,272,b'TRUE',b'TRUE'
159.99726532338536,5,156.5,0.0,98.10000000000001,0,0,0,3,0,0.0,960.3515625,272,b'TRUE',b'TRUE'
160.99724891250662,5,157.5,0.0,99.10000000000001,0,0,0,3,0,0.0,960.3515625,272,b'TRUE',b'TRUE'
161.9972405016597,5,158.5,0.0,100.10000000000001,0,0,0,3,0,0.0,960.3515625,272,b'TRUE',b'TRUE'
162.99721409165068,5,159.5,0.0,101.10000000000001,0,0,0,3,0,0.0,960.15625,272,b'TRUE',b'TRUE'
163.9972017096734,5,160.5,0.0,102.10000000000001,0,0,0,3,0,0.0,960.15625,272,b'TRUE',b'TRUE'
164.9971523276181,5,161.5,0.0,103.10000000000001,0,0,0,3,0,0.0,960.15625,272,b'TRUE',b'TRUE'
165.99785400334804,5,162.5,0.0,104.10000000000001,0,0,0,3,0,0.0,960.15625,272,b'TRUE',b'TRUE'
166.99742508323106,5,163.5,0.0,105.10000000000001,0,0,0,3,0,0.0,960.3515625,272,b'TRUE',b'TRUE'
167.9979031659168,5,164.5,0.0,106.10000000000001,0,0,0,3,0,0.0,960.3515625,272,b'TRUE',b'TRUE'
168.99746923454222,5,165.5,0.0,107.10000000000001,0,0,0,3,0,0.0,960.546875,272,b'TRUE',b'TRUE'
169.9971005286061,5,166.5,0.0,108.10000000000001,0,0,0,3,0,0.0,960.3515625,272,b'TRUE',b'TRUE'
170.99711282354838,5,167.5,0.0,109.10000000000001,0,0,0,3,0,0.0,960.3515625,272,b'TRUE',b'TRUE'
171.9983151209599,5,168.5,0.0,110.10000000000001,0,0,0,3,0,0.0,960.3515625,272,b'TRUE',b'TRUE'
172.99732821289217,5,169.5,0.0,111.10000000000001,0,0,0,3,0,0.0,960.546875,272,b'TRUE',b'TRUE'
173.9970123062085,5,170.5,0.0,112.10000000000001,0,0,0,3,0,0.0,960.3515625,272,b'TRUE',b'TRUE'
174.99730840082339,5,171.5,0.0,113.10000000000001,0,0,0,3,0,0.0,960.3515625,272,b'TRUE',b'TRUE'
175.9972787151637,5,172.5,0.0,114.10000000000001,0,0,0,3,0,0.0,960.15625,272,b'TRUE',b'TRUE'
176.99727431453357,5,173.5,0.0,115.10000000000001,0,0,0,3,0,0.0,960.15625,272,b'TRUE',b'TRUE'
177.99728891425184,5,174.5,0.0,116.10000000000001,0,0,0,3,0,0.0,960.15625,272,b'TRUE',b'TRUE'
178.99737497410388,5,175.5,0.0,117.10000000000001,0,0,0,3,0,0.0,960.3515625,272,b'TRUE',b'TRUE'
179.9971525685105,5,176.5,0.0,118.10000000000001,0,0,0,3,0,0.0,960.3515625,272,b'TRUE',b'TRUE'
180.99686816231406,5,177.5,0.0,119.10000000000001,0,0,0,3,0,0.0,960.3515625,272,b'TRUE',b'TRUE'
181.99714115803363,5,178.5,0.0,120.10000000000001,0,0,0,3,0,0.0,960.3515625,272,b'TRUE',b'TRUE'
182.99818886649155,5,179.5,0.0,121.10000000000001,0,0,0,3,0,0.0,960.3515625,272,b'TRUE',b'TRUE'
183.99677056088694,5,180.5,0.0,122.10000000000001,0,0,0,3,0,0.0,960.3515625,272,b'TRUE',b'TRUE'
184.99676748183265,5,181.5,0.0,123.10000000000001,0,0,0,3,0,0.0,960.3515625,272,b'TRUE',b'TRUE'
185.99680227492354,5,182.5,0.0,124.10000000000001,0,0,0,3,0,0.0,960.15625,272,b'TRUE',b'TRUE'
186.9967060675117,5,183.5,0.0,125.10000000000001,0,0,0,3,0,0.0,960.15625,272,b'TRUE',b'TRUE'
187.9967239894322,5,184.5,0.0,126.10000000000001,0,0,0,3,0,0.0,960.15625,272,b'TRUE',b'TRUE'
188.99670483742375,5,185.5,0.0,127.10000000000001,0,0,0,3,0,0.0,960.15625,272,b'TRUE',b'TRUE'
189.99657368508633,5,186.5,0.0,128.0,0,0,0,3,0,0.0,960.15625,272,b'TRUE',b'TRUE'
190.9965829506691,5,187.5,0.0,128.0,0,0,0,3,0,0.0,960.15625,272,b'TRUE',b'TRUE'
191.9972441564314,5,188.5,0.0,128.0,0,0,0,3,0,0.0,960.15625,272,b'TRUE',b'TRUE'
192.99651235913916,5,189.5,0.0,128.0,0,0,0,3,0,0.0,960.15625,272,b'TRUE',b'TRUE'
193.9965243776096,5,190.5,0.0,128.0,0,0,0,3,0,0.0,960.15625,272,b'TRUE',b'TRUE'
194.99648737428652,5,191.5,0.0,128.0,0,0,0,3,0,0.0,960.15625,272,b'TRUE',b'TRUE'
195.99644637096208,5,192.5,0.0,128.0,0,0,0,3,0,0.0,960.15625,272,b'TRUE',b'TRUE'
196.99673738746787,5,193.5,0.0,128.0,0,0,0,3,0,0.0,960.15625,272,b'TRUE',b'TRUE'
197.99640340529731,5,194.5,0.0,128.0,0,0,0,3,0,0.0,960.15625,272,b'TRUE',b'TRUE'
198.996373423739,5,195.5,0.0,128.0,0,0,0,3,0,0.0,960.15625,272,b'TRUE',b'TRUE'
199.99662824846746,5,196.5,0.0,128.0,0,0,0,3,0,0.0,960.15625,272,b'TRUE',b'TRUE'
200.9966500446899,5,197.5,0.2,128.0,0,0,0,3,0,0.0,960.15625,272,b'TRUE',b'TRUE'
201.99659484076255,5,198.5,0.0,128.0,0,0,0,3,0,0.0,960.3515625,272,b'TRUE',b'TRUE'
202.9965856711642,5,199.5,0.0,128.0,0,0,0,4,0,0.0,960.3515625,272,b'TRUE',b'TRUE'
203.9963285066915,5,200.5,0.0,128.0,0,0,0,4,0,0.0,960.3515625,272,b'TRUE',b'TRUE'
204.99622434249613,5,201.5,0.0,128.0,0,0,0,4,0,0.0,960.15625,272,b'TRUE',b'TRUE'
205.99625722834026,5,202.5,0.0,128.0,0,0,0,4,0,0.0,960.15625,272,b'TRUE',b'TRUE'
206.99619912273192,5,203.5,0.0,128.0,0,0,0,4,0,0.0,960.15625,272,b'TRUE',b'TRUE'
207.99614601713256,5,204.5,0.0,128.0,0,0,0,4,0,0.0,960.15625,272,b'TRUE',b'TRUE'
208.99610386286804,5,205.5,0.0,128.0,0,0,0,4,0,0.0,960.15625,272,b'TRUE',b'TRUE'
209.99747970080352,5,206.5,0.0,128.0,0,0,0,4,0,0.0,960.15625,272,b'TRUE',b'TRUE'
210.9960945336934,5,207.5,0.5,128.0,0,0,0,4,0,0.0,960.15625,272,b'TRUE',b'TRUE'
211.99633344034373,5,208.5,1.5,128.0,0,0,0,4,0,0.0,960.15625,272,b'TRUE',b'TRUE'
212.9964183627162,5,209.5,0.0,128.0,0,0,0,4,0,0.0,960.15625,272,b'TRUE',b'TRUE'
213.99600428414124,5,210.5,0.0,128.0,0,0,0,4,0,0.0,960.15625,272,b'TRUE',b'TRUE'
214.99633003216877,5,211.5,0.2,128.0,0,0,0,4,0,0.0,960.15625,272,b'TRUE',b'TRUE'
215.9959377398627,5,212.5,1.2000000000000002,128.0,0,0,0,4,0,0.0,960.15625,272,b'TRUE',b'TRUE'
216.99583844804147,5,213.5,2.2,128.0,0,0,0,4,0,0.0,960.15625,272,b'TRUE',b'TRUE'
217.99582043287228,5,214.5,3.2,128.0,0,0,0,4,0,0.0,960.15625,272,b'TRUE',b'TRUE'
218.9958613778872,5,215.5,4.2,128.0,0,0,0,4,0,0.0,960.15625,272,b'TRUE',b'TRUE'
219.99581932232832,5,216.5,5.2,128.0,0,0,0,4,0,0.0,960.15625,272,b'TRUE',b'TRUE'
220.9957922858739,5,217.5,6.2,128.0,0,0,0,4,0,0.0,960.15625,272,b'TRUE',b'TRUE'
221.99577436382242,5,218.5,7.2,128.0,0,0,0,4,0,0.0,960.15625,272,b'TRUE',b'TRUE'
222.995763441897,5,219.5,8.200000000000001,128.0,0,0,0,4,0,0.0,960.15625,272,b'TRUE',b'TRUE'
223.99579120877024,5,220.5,9.200000000000001,128.0,0,0,0,4,0,0.0,960.15625,272,b'TRUE',b'TRUE'
224.99580636700557,5,221.5,10.200000000000001,128.0,0,0,0,4,0,0.0,960.15625,272,b'TRUE',b'TRUE'
225.99616052868078,5,222.5,11.200000000000001,128.0,0,0,0,4,0,0.0,960.15625,272,b'TRUE',b'TRUE'
226.99573537397373,5,223.5,12.200000000000001,128.0,0,0,0,4,0,0.0,960.15625,272,b'TRUE',b'TRUE'
227.9956983497832,5,224.5,13.200000000000001,128.0,0,0,0,4,0,0.0,960.15625,272,b'TRUE',b'TRUE'
228.99572832598642,5,225.5,14.200000000000001,128.0,0,0,0,4,0,0.0,960.15625,272,b'TRUE',b'TRUE'
229.99564650136745,5,226.5,15.200000000000001,128.0,0,0,0,4,0,0.0,960.15625,272,b'TRUE',b'TRUE'
230.99564046663,5,227.5,16.2,128.0,0,0,0,4,0,0.0,960.15625,272,b'TRUE',b'TRUE'
231.99567543245212,5,228.5,17.2,128.0,0,0,0,4,0,0.0,960.15625,272,b'TRUE',b'TRUE'
232.99595582223265,5,229.5,18.2,128.0,0,0,0,4,0,0.0,960.15625,272,b'TRUE',b'TRUE'
233.99559179571224,5,230.5,19.200000000000003,128.0,0,0,0,4,0,0.0,960.15625,272,b'TRUE',b'TRUE'
234.9955477717449,5,231.5,20.200000000000003,128.0,0,0,0,4,0,0.0,960.15625,272,b'TRUE',b'TRUE'
235.99552464207227,5,232.5,21.200000000000003,128.0,0,0,0,4,0,0.0,960.15625,272,b'TRUE',b'TRUE'
236.99550467687368,5,233.5,22.200000000000003,128.0,0,0,0,4,0,0.0,960.15625,272,b'TRUE',b'TRUE'
237.99550471178372,5,234.5,23.200000000000003,128.0,0,0,0,4,0,0.0,960.15625,272,b'TRUE',b'TRUE'
238.99576761285425,5,235.5,24.200000000000003,128.0,0,0,0,4,0,0.0,960.3515625,272,b'TRUE',b'TRUE'
239.99549009854672,5,236.5,25.200000000000003,128.0,0,0,0,4,0,0.0,960.3515625,272,b'TRUE',b'TRUE'
240.9953925848822,5,237.5,26.200000000000003,128.0,0,0,0,4,0,0.0,960.3515625,272,b'TRUE',b'TRUE'
241.99550462559273,5,238.5,27.200000000000003,128.0,0,0,0,4,0,0.0,960.3515625,272,b'TRUE',b'TRUE'
242.99537749342562,5,239.5,28.200000000000003,128.0,0,0,0,4,0,0.0,960.3515625,272,b'TRUE',b'TRUE'
243.9953133614472,5,240.5,29.200000000000003,128.0,0,0,0,4,0,0.0,960.15625,272,b'TRUE',b'TRUE'
244.9953629207448,5,241.5,30.0,128.0,0,0,0,4,0,0.0,960.15625,272,b'TRUE',b'TRUE'
245.99531535588903,5,242.5,30.0,128.0,0,0,0,4,0,0.0,960.15625,272,b'TRUE',b'TRUE'
246.99531479114376,5,243.5,30.0,128.0,0,0,0,4,0,0.0,960.15625,272,b'TRUE',b'TRUE'
247.99556213026517,5,244.5,30.0,128.0,0,0,0,4,0,0.0,960.15625,272,b'TRUE',b'TRUE'
248.9952304292965,5,245.5,30.0,128.0,0,0,0,4,0,0.0,960.15625,272,b'TRUE',b'TRUE'
249.99517072895833,5,246.5,30.0,128.0,0,0,0,4,0,0.0,960.15625,272,b'TRUE',b'TRUE'
250.99523390998365,5,247.5,30.0,128.0,0,0,0,4,0,0.0,960.15625,272,b'TRUE',b'TRUE'
251.99548603924632,5,248.5,30.0,128.0,0,0,0,4,0,0.0,960.15625,272,b'TRUE',b'TRUE'
252.9958701687865,5,249.5,30.0,128.0,0,0,0,4,0,0.0,960.15625,272,b'TRUE',b'TRUE'
253.9951108698151,5,250.5,30.0,128.0,0,0,0,4,0,0.0,960.15625,272,b'TRUE',b'TRUE'
254.99662127852207,5,251.5,30.0,128.0,0,0,0,4,0,0.0,960.15625,272,b'TRUE',b'TRUE'
255.99584167714056,5,252.5,30.0,128.0,0,0,0,4,0,0.0,960.15625,272,b'TRUE',b'TRUE'
256.99502032443706,5,253.5,30.0,128.0,0,0,0,4,0,0.0,960.15625,272,b'TRUE',b'TRUE'
257.9950086150493,5,254.5,30.0,128.0,0,0,0,4,0,0.0,960.15625,272,b'TRUE',b'TRUE'
258.9950249057729,5,255.5,30.0,128.0,0,0,0,4,0,0.0,960.15625,272,b'TRUE',b'TRUE'
259.99495362363814,5,256.5,30.0,128.0,0,0,0,4,0,0.0,960.15625,272,b'TRUE',b'TRUE'
260.99523505095567,5,257.5,30.0,128.0,0,0,0,4,0,0.0,960.15625,272,b'TRUE',b'TRUE'
261.99495647691947,5,258.5,30.0,128.0,0,0,0,4,0,0.0,960.15625,272,b'TRUE',b'TRUE'
262.99520795104036,5,259.5,30.0,128.0,0,0,0,4,0,0.0,960.15625,272,b'TRUE',b'TRUE'
263.9964723360026,5,260.5,30.0,128.0,0,0,0,4,0,0.0,960.15625,272,b'TRUE',b'TRUE'
264.99516969434626,5,261.5,30.0,128.0,0,0,0,4,0,0.0,960.15625,272,b'TRUE',b'TRUE'
265.99512957115076,5,262.5,30.0,128.0,0,0,0,4,0,0.0,960.15625,272,b'TRUE',b'TRUE'
266.99481996914255,5,263.5,30.0,128.0,0,0,0,4,0,0.0,959.9609375,272,b'TRUE',b'TRUE'
267.99516837134433,5,264.5,30.0,128.0,0,0,0,4,0,0.0,959.9609375,272,b'TRUE',b'TRUE'
268.9951405020547,5,265.5,30.0,128.0,0,0,0,4,0,0.0,960.15625,272,b'TRUE',b'TRUE'
269.9950278220349,5,266.5,30.0,128.0,0,0,0,4,0,0.0,960.15625,272,b'TRUE',b'TRUE'
